Keyword,Category,Source,Intent,Relevance,Avg Monthly Searches,Low CPC,High CPC,Competition,Jackpot Score,Ad Score,SEO Score,Trend,Trend Info
google patents advanced,Competitor Alternatives,planner_related,Comm,9,880,0.00,0.00,LOW,85,85,67,declining_slight,-23% over 12mo
google patents,Competitor Brands,ai,Nav,8,165000,1.24,3.44,LOW,80,80,78,stable,Stable
patents google com patent,Competitor Brands,planner_related,Nav,8,90,0.00,0.00,LOW,79,79,61,rising,+608% over 12mo (Seasonal)
patented software examples,Direct / Head Terms,autocomplete,Info,6,90,0.00,0.00,LOW,79,79,61,declining_slight,-30% over 12mo
what is prior art,Direct / Head Terms,planner_related,Info,7,140,0.00,0.00,LOW,79,79,61,rising_slight,+25% over 12mo
google scholar patent,Direct / Head Terms,planner_related,Comm,6,140,0.00,0.00,LOW,78,78,60,stable,Stable
www google com patents,Competitor Brands,planner_related,Nav,8,90,0.00,0.00,LOW,78,78,60,rising_slight,+13% over 12mo
www google patents,Competitor Brands,planner_related,Nav,8,90,0.00,0.00,LOW,78,78,60,rising_slight,+13% over 12mo
google patent website,Direct / Head Terms,planner_related,Nav,8,165000,1.24,3.44,LOW,77,77,75,stable,Stable
patent google patent,Direct / Head Terms,planner_related,Comm,8,165000,1.24,3.44,LOW,77,77,75,stable,Stable
software patents examples,Direct / Head Terms,planner_related,Info,6,90,0.00,0.00,LOW,76,76,58,declining_slight,-30% over 12mo
examples of patented software,Direct / Head Terms,planner_related,Info,6,90,0.00,0.00,LOW,76,76,58,declining_slight,-30% over 12mo
google patent prior art search,Direct / Head Terms,planner_related,Comm,10,50,0.00,0.00,LOW,76,76,58,rising,+52% over 12mo (Seasonal)
google patent search engine,Direct / Head Terms,planner_related,Comm,9,70,0.00,0.00,LOW,75,75,57,declining,-78% over 12mo (Seasonal)
google scholar patent search,Direct / Head Terms,planner_related,Comm,7,70,0.00,0.00,LOW,75,75,57,declining,-48% over 12mo
patent google search engine,Direct / Head Terms,planner_related,Comm,9,70,0.00,0.00,LOW,75,75,57,declining,-78% over 12mo (Seasonal)
google patent search,Direct / Head Terms,planner_related,Comm,10,8100,1.57,7.19,LOW,74,74,75,stable,Stable
google patent search by inventor,Direct / Head Terms,planner_related,Comm,9,30,0.00,0.00,LOW,74,74,56,rising,+107% over 12mo (Seasonal)
google patent application search,Direct / Head Terms,planner_related,Comm,9,40,0.00,0.00,LOW,74,74,56,rising_slight,+19% over 12mo
google patent finder,Direct / Head Terms,planner_related,Comm,9,8100,1.57,7.19,LOW,74,74,75,stable,Stable
google patent lookup,Direct / Head Terms,planner_related,Comm,9,8100,1.57,7.19,LOW,74,74,75,stable,Stable
google patents us,Competitor Brands,planner_related,Nav,9,50,0.00,0.00,LOW,74,74,56,stable,Stable
patent search google patents,Competitor Alternatives,planner_related,Comm,10,8100,1.57,7.19,LOW,74,74,75,stable,Stable
patents googlecom,Direct / Head Terms,planner_related,Comm,8,40,0.00,0.00,LOW,74,74,56,rising_slight,+27% over 12mo
us patent search google,Direct / Head Terms,planner_related,Comm,9,40,0.00,0.00,LOW,73,73,55,stable,Stable
google patents database,Competitor Brands,planner_related,Nav,9,40,0.00,0.00,LOW,73,73,55,declining_slight,-22% over 12mo
google advanced patent,Competitor Alternatives,planner_related,Comm,9,40,0.00,0.00,LOW,73,73,55,declining_slight,-15% over 12mo
google patent data,Direct / Head Terms,planner_related,Comm,6,40,0.00,0.00,LOW,73,73,55,declining_slight,-22% over 12mo
google patent number search,Direct / Head Terms,planner_related,Comm,7,30,0.00,0.00,LOW,73,73,55,rising_slight,+20% over 12mo
patsnap logo,Direct / Head Terms,planner_related,Comm,3,30,0.00,0.00,LOW,73,73,55,rising_slight,+19% over 12mo
how can i look up a patent,Direct / Head Terms,autocomplete,Info,9,20,0.00,0.00,LOW,73,73,55,declining,-36% over 12mo
what is a prior art search,Direct / Head Terms,planner_related,Info,7,20,0.00,0.00,LOW,73,73,55,rising,+44% over 12mo
what is prior art search,Direct / Head Terms,planner_related,Info,7,20,0.00,0.00,LOW,73,73,55,rising,+44% over 12mo
legal ip management software,Feature-Based,planner_related,Comm,6,40,0.00,0.00,LOW,72,72,54,declining,-80% over 12mo (Seasonal)
how do i search for a patent,Problem-Based,planner_related,Info,9,880,1.52,4.46,LOW,72,72,71,declining_slight,-11% over 12mo
how do i look up a patent,Direct / Head Terms,planner_related,Info,9,880,1.52,4.46,LOW,72,72,71,declining_slight,-11% over 12mo
how do you look up patents,Direct / Head Terms,planner_related,Info,9,880,1.52,4.46,LOW,72,72,71,declining_slight,-11% over 12mo
how do you search for a patent,Problem-Based,planner_related,Info,9,880,1.52,4.46,LOW,72,72,71,declining_slight,-11% over 12mo
how do i look up patents,Direct / Head Terms,planner_related,Info,9,880,1.52,4.46,LOW,72,72,71,declining_slight,-11% over 12mo
google patents advanced search,Competitor Alternatives,planner_related,Comm,10,720,2.00,7.00,LOW,71,71,72,rising_slight,+11% over 12mo
patent lookup google,Direct / Head Terms,planner_related,Comm,9,30,0.00,0.00,LOW,71,71,53,declining,-68% over 12mo (Seasonal)
google patent translate,Direct / Head Terms,planner_related,Comm,4,20,0.00,0.00,LOW,71,71,53,stable,Stable
google patents advanced patent search,Competitor Alternatives,planner_related,Comm,10,720,2.00,7.00,LOW,71,71,72,rising_slight,+11% over 12mo
google us patent search,Direct / Head Terms,planner_related,Comm,9,30,0.00,0.00,LOW,71,71,53,declining,-74% over 12mo (Seasonal)
patent search example,Direct / Head Terms,autocomplete,Info,7,10,0.00,0.00,LOW,71,71,53,stable,Stable
can ai be patented,Direct / Head Terms,autocomplete,Comm,4,10,0.00,0.00,LOW,71,71,53,declining_slight,-10% over 12mo
who has the most ai patents,Competitor Brands,autocomplete,Nav,4,10,0.00,0.00,LOW,71,71,53,declining_slight,-14% over 12mo
can ai algorithms be patented,Competitor Brands,autocomplete,Nav,4,10,0.00,0.00,LOW,71,71,53,declining_slight,-17% over 12mo
what is ai patent,Direct / Head Terms,autocomplete,Info,4,10,0.00,0.00,LOW,71,71,53,stable,Stable
what is prior art search in patent,Direct / Head Terms,autocomplete,Info,7,10,0.00,0.00,LOW,71,71,53,stable,Stable
patent prior art example,Direct / Head Terms,autocomplete,Info,7,10,0.00,0.00,LOW,71,71,53,stable,Stable
patent prior art search software,Direct / Head Terms,ai,Comm,10,10,0.00,0.00,LOW,70,70,52,declining,-50% over 12mo (Seasonal)
patent search google,Direct / Head Terms,planner_related,Comm,10,720,1.68,7.87,LOW,70,70,71,stable,Stable
google com patents,Competitor Brands,planner_related,Nav,8,720,1.64,4.96,LOW,70,70,71,stable,Stable
google earth patent,Direct / Head Terms,planner_related,Comm,4,10,0.00,0.00,LOW,70,70,52,rising,+100% over 12mo (Seasonal)
google nest patent,Direct / Head Terms,planner_related,Comm,4,10,0.00,0.00,LOW,70,70,52,rising,+67% over 12mo (Seasonal)
google patent com,Direct / Head Terms,planner_related,Comm,8,720,1.64,4.96,LOW,70,70,71,stable,Stable
google us patent,Direct / Head Terms,planner_related,Comm,9,20,0.00,0.00,LOW,70,70,52,declining_slight,-18% over 12mo
google uspto,Direct / Head Terms,planner_related,Comm,8,20,0.00,0.00,LOW,70,70,52,declining_slight,-23% over 12mo
orbit questel login,Competitor Brands,planner_related,Nav,1,10,0.00,0.00,LOW,70,70,52,rising,+50% over 12mo
pagerank patent,Direct / Head Terms,planner_related,Comm,4,20,0.00,0.00,LOW,70,70,52,declining,-36% over 12mo
patents google com,Competitor Brands,planner_related,Nav,8,720,1.64,4.96,LOW,70,70,71,stable,Stable
patseer login,Direct / Head Terms,planner_related,Nav,1,10,0.00,0.00,LOW,70,70,52,rising,+43% over 12mo (Seasonal)
questel orbit login,Competitor Brands,planner_related,Nav,1,10,0.00,0.00,LOW,70,70,52,rising,+117% over 12mo (Seasonal)
terra vision patent,Direct / Head Terms,planner_related,Comm,4,10,0.00,0.00,LOW,70,70,52,rising,+100% over 12mo (Seasonal)
www google com advanced patent search,Competitor Alternatives,planner_related,Comm,10,10,0.00,0.00,LOW,70,70,52,rising,+67% over 12mo (Seasonal)
www google patent search,Direct / Head Terms,planner_related,Comm,10,10,0.00,0.00,LOW,70,70,52,rising,+67% over 12mo (Seasonal)
petapator,Competitor Brands,ai,Nav,9,10,0.00,0.00,LOW,70,70,52,declining,-33% over 12mo
intellectual property law software,Industry / Niche,ai,Comm,6,10,0.00,0.00,LOW,70,70,52,declining,-46% over 12mo (Seasonal)
patent protection software,Direct / Head Terms,planner_related,Comm,7,20,0.00,0.00,LOW,70,70,52,declining,-59% over 12mo (Seasonal)
what company has the most ai patents,Competitor Brands,autocomplete,Nav,4,10,0.00,0.00,LOW,70,70,52,declining,-33% over 12mo
how do i look up a us patent,Direct / Head Terms,planner_related,Info,9,20,0.00,0.00,LOW,70,70,52,declining_slight,-27% over 12mo
can you patent ai,Direct / Head Terms,planner_related,Comm,4,20,0.00,0.00,LOW,70,70,52,declining_slight,-25% over 12mo
google patent check,Direct / Head Terms,planner_related,Comm,9,10,0.00,0.00,LOW,69,69,51,rising_slight,+20% over 12mo
google patent site,Direct / Head Terms,planner_related,Comm,8,10,0.00,0.00,LOW,69,69,51,rising_slight,+17% over 12mo
google patente,Direct / Head Terms,planner_related,Comm,7,10,0.00,0.00,LOW,69,69,51,rising_slight,+14% over 12mo
google patents advanced search page,Competitor Alternatives,planner_related,Comm,10,10,0.00,0.00,LOW,69,69,51,rising_slight,+20% over 12mo
google seo patents,Competitor Brands,planner_related,Nav,4,10,0.00,0.00,LOW,69,69,51,rising_slight,+25% over 12mo (Seasonal)
http www google com patents,Competitor Brands,planner_related,Nav,8,10,0.00,0.00,LOW,69,69,51,rising_slight,+14% over 12mo
paten google,Direct / Head Terms,planner_related,Comm,8,10,0.00,0.00,LOW,69,69,51,rising_slight,+20% over 12mo
patent application search google,Direct / Head Terms,planner_related,Comm,9,10,0.00,0.00,LOW,69,69,51,rising_slight,+25% over 12mo (Seasonal)
patents filed by google,Competitor Brands,planner_related,Nav,5,10,0.00,0.00,LOW,69,69,51,rising_slight,+25% over 12mo (Seasonal)
patseer patent search,Direct / Head Terms,planner_related,Comm,9,10,0.00,0.00,LOW,69,69,51,rising_slight,+20% over 12mo
patsnap crunchbase,Direct / Head Terms,planner_related,Comm,1,10,0.00,0.00,LOW,68,68,50,stable,Stable
analytics patsnap,Direct / Head Terms,planner_related,Comm,2,10,0.00,0.00,LOW,68,68,50,stable,Stable
derwent clarivate login,Competitor Brands,planner_related,Nav,1,10,0.00,0.00,LOW,68,68,50,declining_slight,-17% over 12mo
design patent search google,Direct / Head Terms,planner_related,Comm,9,10,0.00,0.00,LOW,68,68,50,stable,Stable
google ai patents,Competitor Brands,planner_related,Nav,5,10,0.00,0.00,LOW,68,68,50,declining_slight,-25% over 12mo
google com patents advanced search,Competitor Alternatives,planner_related,Comm,10,10,0.00,0.00,LOW,68,68,50,declining_slight,-17% over 12mo
google design patent,Direct / Head Terms,planner_related,Comm,4,10,0.00,0.00,LOW,68,68,50,declining_slight,-13% over 12mo
google design patent search,Direct / Head Terms,planner_related,Comm,9,10,0.00,0.00,LOW,68,68,50,stable,Stable
google glasses patent,Direct / Head Terms,planner_related,Comm,4,10,0.00,0.00,LOW,68,68,50,declining_slight,-14% over 12mo
google indian patent search,Direct / Head Terms,planner_related,Comm,9,10,0.00,0.00,LOW,68,68,50,stable,Stable (Seasonal)
google pagerank patent,Direct / Head Terms,planner_related,Comm,4,10,0.00,0.00,LOW,68,68,50,declining_slight,-25% over 12mo
google patent agent,Audience-Based,planner_related,Comm,7,10,0.00,0.00,LOW,68,68,50,declining_slight,-14% over 12mo
google patent and trademark search,Direct / Head Terms,planner_related,Comm,5,10,0.00,0.00,LOW,68,68,50,declining_slight,-17% over 12mo
google patent application,Feature-Based,planner_related,Comm,7,10,0.00,0.00,LOW,68,68,50,declining_slight,-25% over 12mo
google patent attorney,Audience-Based,planner_related,Comm,7,10,0.00,0.00,LOW,68,68,50,stable,Stable
google patent company,Direct / Head Terms,planner_related,Comm,4,10,0.00,0.00,LOW,68,68,50,declining_slight,-25% over 12mo
google patent number,Direct / Head Terms,planner_related,Comm,7,10,0.00,0.00,LOW,68,68,50,declining_slight,-17% over 12mo
google patent office,Direct / Head Terms,planner_related,Comm,7,10,0.00,0.00,LOW,68,68,50,stable,Stable
google patent pending search,Direct / Head Terms,planner_related,Comm,9,10,0.00,0.00,LOW,68,68,50,stable,Stable
google patent research,Audience-Based,planner_related,Comm,9,10,0.00,0.00,LOW,68,68,50,stable,Stable
google patent search by assignee,Direct / Head Terms,planner_related,Comm,9,10,0.00,0.00,LOW,68,68,50,declining_slight,-17% over 12mo
google patent search by company,Direct / Head Terms,planner_related,Comm,9,10,0.00,0.00,LOW,68,68,50,declining_slight,-17% over 12mo
google patent search by name,Direct / Head Terms,planner_related,Comm,9,10,0.00,0.00,LOW,68,68,50,stable,Stable
google patents bulk download,Competitor Brands,planner_related,Txn,5,10,0.00,0.00,LOW,68,68,50,stable,Stable
google patents company,Competitor Brands,planner_related,Nav,7,10,0.00,0.00,LOW,68,68,50,declining_slight,-25% over 12mo
google patents download,Competitor Brands,planner_related,Txn,5,10,0.00,0.00,LOW,68,68,50,declining_slight,-25% over 12mo
google patents online,Competitor Brands,planner_related,Nav,7,10,0.00,0.00,LOW,68,68,50,declining_slight,-17% over 12mo
google search engine patent,Direct / Head Terms,planner_related,Comm,2,10,0.00,0.00,LOW,68,68,50,stable,Stable
google translate patent,Direct / Head Terms,planner_related,Comm,2,10,0.00,0.00,LOW,68,68,50,stable,Stable
google us patent search by number,Direct / Head Terms,planner_related,Comm,7,10,0.00,0.00,LOW,68,68,50,declining_slight,-13% over 12mo
https patents google,Competitor Brands,planner_related,Nav,9,10,0.00,0.00,LOW,68,68,50,stable,Stable
https patents google com patent,Competitor Brands,planner_related,Nav,9,10,0.00,0.00,LOW,68,68,50,stable,Stable
https www google patents,Competitor Brands,planner_related,Nav,9,10,0.00,0.00,LOW,68,68,50,declining_slight,-20% over 12mo (Seasonal)
jeffrey tiong patsnap,Direct / Head Terms,planner_related,Comm,8,10,0.00,0.00,LOW,68,68,50,stable,Stable
nortel patent auction,Direct / Head Terms,planner_related,Comm,3,10,0.00,0.00,LOW,68,68,50,stable,Stable
patent database google,Direct / Head Terms,planner_related,Comm,8,10,0.00,0.00,LOW,68,68,50,declining_slight,-25% over 12mo (Seasonal)
patent images google,Direct / Head Terms,planner_related,Comm,6,10,0.00,0.00,LOW,68,68,50,declining_slight,-14% over 12mo
patent look up google,Direct / Head Terms,planner_related,Comm,9,10,0.00,0.00,LOW,68,68,50,declining_slight,-14% over 12mo
patent translate google,Direct / Head Terms,planner_related,Comm,3,10,0.00,0.00,LOW,68,68,50,stable,Stable
patente google,Direct / Head Terms,planner_related,Comm,8,10,0.00,0.00,LOW,68,68,50,stable,Stable
patents owned by google,Competitor Brands,planner_related,Nav,2,10,0.00,0.00,LOW,68,68,50,stable,Stable
patsnap glassdoor,Direct / Head Terms,planner_related,Comm,8,10,0.00,0.00,LOW,68,68,50,declining_slight,-29% over 12mo
provisional patent search google,Direct / Head Terms,planner_related,Comm,9,10,0.00,0.00,LOW,68,68,50,declining_slight,-20% over 12mo (Seasonal)
search patents on google,Competitor Alternatives,planner_related,Comm,10,10,0.00,0.00,LOW,68,68,50,stable,Stable
sonos patent,Direct / Head Terms,planner_related,Comm,2,10,0.00,0.00,LOW,68,68,50,stable,Stable
us patent google search,Direct / Head Terms,planner_related,Comm,9,10,0.00,0.00,LOW,68,68,50,stable,Stable
www google patent com,Direct / Head Terms,planner_related,Comm,9,10,0.00,0.00,LOW,68,68,50,stable,Stable
software patent law firm,Direct / Head Terms,planner_related,Comm,4,10,0.00,0.00,LOW,68,68,50,declining_slight,-14% over 12mo (Seasonal)
how do i search for existing patents,Problem-Based,planner_related,Info,10,10,0.00,0.00,LOW,68,68,50,declining_slight,-14% over 12mo
can you patent an ai algorithm,Direct / Head Terms,planner_related,Comm,4,10,0.00,0.00,LOW,68,68,50,stable,Stable
patent search report example,Feature-Based,planner_related,Info,10,10,0.00,0.00,LOW,68,68,50,declining_slight,-14% over 12mo
patent search report sample,Feature-Based,planner_related,Comm,10,10,0.00,0.00,LOW,68,68,50,declining_slight,-14% over 12mo
prior art search example,Direct / Head Terms,planner_related,Info,10,10,0.00,0.00,LOW,68,68,50,stable,Stable
software patent example pdf,Direct / Head Terms,planner_related,Info,4,10,0.00,0.00,LOW,68,68,50,stable,Stable
software patent application example,Direct / Head Terms,planner_related,Info,4,10,0.00,0.00,LOW,68,68,50,declining_slight,-17% over 12mo
software patent template,Direct / Head Terms,planner_related,Comm,4,10,0.00,0.00,LOW,68,68,50,declining_slight,-17% over 12mo
google prior art finder,Direct / Head Terms,planner_related,Comm,9,10,0.00,0.00,LOW,68,68,50,stable,Stable
software provisional patent example,Direct / Head Terms,planner_related,Info,4,10,0.00,0.00,LOW,68,68,50,stable,Stable
patsnap,Competitor Brands,ai,Nav,9,2900,1.70,7.23,MEDIUM,67,67,65,declining_slight,-11% over 12mo
patent check google,Direct / Head Terms,planner_related,Comm,9,10,0.00,0.00,LOW,67,67,49,declining,-67% over 12mo (Seasonal)
patent number search google,Direct / Head Terms,planner_related,Comm,7,10,0.00,0.00,LOW,67,67,49,declining,-54% over 12mo
google com patent search,Direct / Head Terms,planner_related,Comm,9,10,0.00,0.00,LOW,67,67,49,declining,-71% over 12mo (Seasonal)
google mind control patents,Competitor Brands,planner_related,Nav,2,10,0.00,0.00,LOW,67,67,49,declining,-33% over 12mo
google search algorithm patent,Direct / Head Terms,planner_related,Comm,2,10,0.00,0.00,LOW,67,67,49,declining,-43% over 12mo (Seasonal)
https patents google com advanced,Competitor Alternatives,planner_related,Comm,10,10,0.00,0.00,LOW,67,67,49,declining,-40% over 12mo (Seasonal)
patents google advanced,Competitor Alternatives,planner_related,Comm,10,10,0.00,0.00,LOW,67,67,49,declining,-33% over 12mo
questel orbit patent database,Competitor Brands,planner_related,Nav,9,10,0.00,0.00,LOW,67,67,49,declining,-40% over 12mo (Seasonal)
raxium patents,Direct / Head Terms,planner_related,Comm,2,10,0.00,0.00,LOW,67,67,49,declining,-50% over 12mo (Seasonal)
salvatore pais google patents,Competitor Brands,planner_related,Nav,2,10,0.00,0.00,LOW,67,67,49,declining,-33% over 12mo
terravision patent,Direct / Head Terms,planner_related,Comm,2,10,0.00,0.00,LOW,67,67,49,declining,-40% over 12mo (Seasonal)
property law software,Industry / Niche,planner_related,Comm,6,10,0.00,0.00,LOW,67,67,49,declining,-70% over 12mo (Seasonal)
ip law firm software,Industry / Niche,planner_related,Comm,7,10,0.00,0.00,LOW,67,67,49,declining,-60% over 12mo (Seasonal)
law firm ip management software,Industry / Niche,planner_related,Comm,6,10,0.00,0.00,LOW,67,67,49,declining,-73% over 12mo (Seasonal)
patent search fees,Direct / Head Terms,planner_related,Comm,7,10,0.00,0.00,LOW,67,67,49,declining,-40% over 12mo
cost of professional patent search,Problem-Based,planner_related,Info,7,10,0.00,0.00,LOW,67,67,49,declining,-70% over 12mo (Seasonal)
google patents prior art,Direct / Head Terms,planner_related,Comm,10,10,0.00,0.00,LOW,67,67,49,declining,-50% over 12mo (Seasonal)
google advanced patent search,Competitor Alternatives,planner_related,Comm,10,260,1.50,4.88,LOW,66,66,67,stable,Stable
patseer,Competitor Brands,ai,Nav,9,210,3.80,9.01,LOW,63,63,73,stable,Stable
google patents public data,Competitor Brands,planner_related,Nav,6,40,1.35,3.39,LOW,62,62,60,rising_slight,+29% over 12mo
orbit questel,Competitor Brands,ai,Nav,9,140,3.87,11.66,LOW,61,61,71,declining_slight,-17% over 12mo
patent search cost,Competitor Brands,autocomplete,Nav,7,170,3.08,7.75,LOW,61,61,71,declining,-55% over 12mo (Seasonal)
patent search engines list,Direct / Head Terms,autocomplete,Comm,9,10,0.00,0.00,MEDIUM,61,61,40,declining_slight,-20% over 12mo (Seasonal)
patent company of google,Direct / Head Terms,planner_related,Comm,2,10,0.00,0.00,UNSPECIFIED,60,60,40,rising,+67% over 12mo (Seasonal)
patsnap zoominfo,Direct / Head Terms,planner_related,Comm,8,10,0.00,0.00,UNSPECIFIED,60,60,40,rising,+50% over 12mo (Seasonal)
www google com patents search,Competitor Alternatives,planner_related,Comm,9,10,0.00,0.00,UNSPECIFIED,60,60,40,rising,New interest
patent research example,Audience-Based,planner_related,Info,8,10,0.00,0.00,UNSPECIFIED,60,60,40,rising,+400% over 12mo (Seasonal)
google provisional patent search,Direct / Head Terms,planner_related,Comm,9,10,0.00,0.00,UNSPECIFIED,59,59,39,rising_slight,+25% over 12mo (Seasonal)
software patent attorney,Direct / Head Terms,planner_related,Comm,4,260,12.07,38.91,LOW,59,59,77,rising,+35% over 12mo
patent law software,Direct / Head Terms,planner_related,Comm,8,260,12.07,38.91,LOW,59,59,77,rising,+35% over 12mo
derwent clarivate,Competitor Brands,ai,Nav,9,20,1.24,6.05,LOW,58,58,59,declining_slight,-27% over 12mo
questel patent search,Direct / Head Terms,planner_related,Comm,9,10,0.00,0.00,MEDIUM,58,58,38,stable,Stable
design patent google,Direct / Head Terms,planner_related,Comm,9,10,0.00,0.00,UNSPECIFIED,58,58,37,declining_slight,-20% over 12mo (Seasonal)
glassdoor patsnap,Direct / Head Terms,planner_related,Comm,8,10,0.00,0.00,UNSPECIFIED,58,58,37,declining_slight,-20% over 12mo (Seasonal)
google free patent,Feature-Based,planner_related,Comm,8,10,0.00,0.00,MEDIUM,58,58,38,stable,Stable (Seasonal)
google maps patent,Direct / Head Terms,planner_related,Comm,2,10,0.00,0.00,UNSPECIFIED,58,58,37,declining_slight,-20% over 12mo (Seasonal)
google patent list,Direct / Head Terms,planner_related,Comm,7,10,0.00,0.00,UNSPECIFIED,58,58,37,declining_slight,-17% over 12mo
lens org patent search,Direct / Head Terms,planner_related,Comm,9,20,1.68,5.44,LOW,57,57,58,rising_slight,+22% over 12mo
patent finder google,Direct / Head Terms,planner_related,Comm,9,10,0.00,0.00,UNSPECIFIED,57,57,37,declining,-40% over 12mo (Seasonal)
5 https patents google com,Competitor Brands,planner_related,Nav,9,10,0.00,0.00,UNSPECIFIED,57,57,37,declining,-75% over 12mo (Seasonal)
google historical data patent,Direct / Head Terms,planner_related,Comm,7,10,0.00,0.00,UNSPECIFIED,57,57,37,declining,-100% over 12mo (Seasonal)
google patent us9396354,Direct / Head Terms,planner_related,Comm,3,10,0.00,0.00,UNSPECIFIED,57,57,37,declining,-100% over 12mo (Seasonal)
google sonos patent,Direct / Head Terms,planner_related,Comm,2,10,0.00,0.00,UNSPECIFIED,57,57,37,declining,-60% over 12mo (Seasonal)
http patent google com,Direct / Head Terms,planner_related,Comm,9,10,0.00,0.00,UNSPECIFIED,57,57,37,declining,-33% over 12mo (Seasonal)
https patents google com advanced search,Competitor Alternatives,planner_related,Comm,10,10,0.00,0.00,UNSPECIFIED,57,57,37,declining,-50% over 12mo (Seasonal)
https patents google com patent usx5833i1,Competitor Brands,planner_related,Nav,3,10,0.00,0.00,UNSPECIFIED,57,57,37,declining,-100% over 12mo (Seasonal)
ok google patent,Direct / Head Terms,planner_related,Comm,3,10,0.00,0.00,UNSPECIFIED,57,57,37,declining,-100% over 12mo (Seasonal)
patents google com google,Competitor Brands,planner_related,Nav,9,10,0.00,0.00,UNSPECIFIED,57,57,37,declining,-60% over 12mo (Seasonal)
patseer pricing,Direct / Head Terms,planner_related,Txn,8,10,0.00,0.00,UNSPECIFIED,57,57,37,declining,-67% over 12mo (Seasonal)
patsnap offices,Direct / Head Terms,planner_related,Comm,8,10,0.00,0.00,UNSPECIFIED,57,57,37,declining,-75% over 12mo (Seasonal)
questel orbit subscription cost,Competitor Brands,planner_related,Nav,8,10,0.00,0.00,MEDIUM,57,57,37,declining,-60% over 12mo (Seasonal)
us patent 6285999,Direct / Head Terms,planner_related,Comm,3,10,0.00,0.00,UNSPECIFIED,57,57,37,declining,-50% over 12mo (Seasonal)
intellectual property and software law,Industry / Niche,planner_related,Comm,5,10,0.00,0.00,UNSPECIFIED,57,57,37,declining,-50% over 12mo (Seasonal)
patent search attorney fees,Audience-Based,planner_related,Comm,7,10,0.00,0.00,UNSPECIFIED,57,57,37,declining,-50% over 12mo (Seasonal)
patent search service cost,Competitor Brands,planner_related,Nav,7,10,0.00,0.00,UNSPECIFIED,57,57,37,declining,-40% over 12mo (Seasonal)
software patent application template,Direct / Head Terms,planner_related,Comm,4,10,0.00,0.00,UNSPECIFIED,57,57,37,declining,-100% over 12mo (Seasonal)
how do i do a patent search,Problem-Based,planner_related,Info,10,390,1.67,6.28,MEDIUM,56,56,55,declining,-46% over 12mo
advanced patent search google,Competitor Alternatives,planner_related,Comm,10,20,2.00,5.74,LOW,55,55,56,declining_slight,-10% over 12mo
google patents uspto,Competitor Brands,planner_related,Nav,,10,1.17,7.48,LOW,55,55,56,rising,+57% over 12mo (Seasonal)
patsnap patent search,Direct / Head Terms,planner_related,Comm,,20,2.95,8.70,LOW,53,53,63,rising,+33% over 12mo
patsnap com,Direct / Head Terms,planner_related,Comm,,10,1.80,7.91,LOW,53,53,54,stable,Stable
patent search generator,Direct / Head Terms,ai,Comm,,0,0.00,0.00,UNSPECIFIED,52,52,32,,
ai patent search tool,Direct / Head Terms,ai,Comm,,0,0.00,0.00,UNSPECIFIED,52,52,32,,
boolean patent search creator,Direct / Head Terms,ai,Comm,,0,0.00,0.00,UNSPECIFIED,52,52,32,,
chrome extension patent search,Direct / Head Terms,ai,Comm,,0,0.00,0.00,UNSPECIFIED,52,52,32,,
best ai tool for patent boolean search strings,Direct / Head Terms,ai,Comm,,0,0.00,0.00,UNSPECIFIED,52,52,32,,
ai boolean patent search string generation,Feature-Based,ai,Comm,,0,0.00,0.00,UNSPECIFIED,52,52,32,,
tiered patent search strategies,Feature-Based,ai,Comm,,0,0.00,0.00,UNSPECIFIED,52,52,32,,
patent invention concept mapping tool,Feature-Based,ai,Comm,,0,0.00,0.00,UNSPECIFIED,52,52,32,,
prior art analysis software with reports,Feature-Based,ai,Comm,,0,0.00,0.00,UNSPECIFIED,52,52,32,,
examiner style patent search report generator,Feature-Based,ai,Comm,,0,0.00,0.00,UNSPECIFIED,52,52,32,,
free patent search string generator,Feature-Based,ai,Comm,,0,0.00,0.00,UNSPECIFIED,52,52,32,,
affordable patent search extension with credits,Feature-Based,ai,Comm,,0,0.00,0.00,UNSPECIFIED,52,52,32,,
how to craft effective boolean patent search strings,Problem-Based,ai,Info,,0,0.00,0.00,UNSPECIFIED,52,52,32,,
affordable alternative to enterprise patent search tools,Problem-Based,ai,Comm,,0,0.00,0.00,UNSPECIFIED,52,52,32,,
how to reduce time on manual prior art research,Problem-Based,ai,Info,,0,0.00,0.00,UNSPECIFIED,52,52,32,,
best workflow for ai boolean patent reports,Problem-Based,ai,Comm,,0,0.00,0.00,UNSPECIFIED,52,52,32,,
how to accurately map invention concepts for patent search,Problem-Based,ai,Info,,0,0.00,0.00,UNSPECIFIED,52,52,32,,
professional patent search reports without expensive software,Problem-Based,ai,Info,,0,0.00,0.00,UNSPECIFIED,52,52,32,,
patent attorney search tools,Audience-Based,ai,Comm,,0,0.00,0.00,UNSPECIFIED,52,52,32,,
patent agent prior art software,Audience-Based,ai,Comm,,0,0.00,0.00,UNSPECIFIED,52,52,32,,
ip paralegal patent search chrome extension,Audience-Based,ai,Comm,,0,0.00,0.00,UNSPECIFIED,52,52,32,,
patent search tool for inventors,Audience-Based,ai,Comm,,0,0.00,0.00,UNSPECIFIED,52,52,32,,
startup founder patent research tools,Audience-Based,ai,Comm,,0,0.00,0.00,UNSPECIFIED,52,52,32,,
r&d team patent novelty search solution,Audience-Based,ai,Comm,,0,0.00,0.00,UNSPECIFIED,52,52,32,,
readpatents,Competitor Brands,ai,Nav,,0,0.00,0.00,UNSPECIFIED,52,52,32,,
patsnap alternative,Competitor Alternatives,ai,Comm,,0,0.00,0.00,UNSPECIFIED,52,52,32,,
orbit questel pricing,Competitor Alternatives,ai,Txn,,0,0.00,0.00,UNSPECIFIED,52,52,32,,
derwent clarivate vs patent search generator,Competitor Alternatives,ai,Comm,,0,0.00,0.00,UNSPECIFIED,52,52,32,,
best patent search chrome extension,Competitor Alternatives,ai,Comm,,0,0.00,0.00,UNSPECIFIED,52,52,32,,
cheaper than innovationq plus,Competitor Alternatives,ai,Comm,,0,0.00,0.00,UNSPECIFIED,52,52,32,,
google patents advanced search alternative,Competitor Alternatives,ai,Comm,,0,0.00,0.00,UNSPECIFIED,52,52,32,,
perplexity patents boolean search capabilities,Competitor Alternatives,ai,Comm,,0,0.00,0.00,UNSPECIFIED,52,52,32,,
freedom to operate search tool,Use Case / Scenario,ai,Comm,,0,0.00,0.00,UNSPECIFIED,52,52,32,,
invalidity search software,Use Case / Scenario,ai,Comm,,0,0.00,0.00,UNSPECIFIED,52,52,32,,
novelty search tool for inventions,Use Case / Scenario,ai,Comm,,0,0.00,0.00,UNSPECIFIED,52,52,32,,
prior art search tool for law firms,Use Case / Scenario,ai,Comm,,0,0.00,0.00,UNSPECIFIED,52,52,32,,
how to do diy patent research before filing,Use Case / Scenario,ai,Info,,0,0.00,0.00,UNSPECIFIED,52,52,32,,
ip landscape analysis browser extension,Use Case / Scenario,ai,Comm,,0,0.00,0.00,UNSPECIFIED,52,52,32,,
r&d patent intelligence tools,Industry / Niche,ai,Comm,,0,0.00,0.00,UNSPECIFIED,52,52,32,,
innovation startup patent search,Industry / Niche,ai,Comm,,0,0.00,0.00,UNSPECIFIED,52,52,32,,
legal tech patent search solutions,Industry / Niche,ai,Comm,,0,0.00,0.00,UNSPECIFIED,52,52,32,,
reduce patent search costs,Benefit / Outcome,ai,Comm,,0,0.00,0.00,UNSPECIFIED,52,52,32,,
accelerate patent research process,Benefit / Outcome,ai,Comm,,0,0.00,0.00,UNSPECIFIED,52,52,32,,
best tool for professional patent search reports,Benefit / Outcome,ai,Comm,,0,0.00,0.00,UNSPECIFIED,52,52,32,,
democratize advanced patent search,Benefit / Outcome,ai,Comm,,0,0.00,0.00,UNSPECIFIED,52,52,32,,
improve prior art search accuracy,Benefit / Outcome,ai,Comm,,0,0.00,0.00,UNSPECIFIED,52,52,32,,
streamline patent analysis workflow for all skill levels,Benefit / Outcome,ai,Comm,,0,0.00,0.00,UNSPECIFIED,52,52,32,,
patent citation analysis software,Adjacent / Tangential,ai,Info,,0,0.00,0.00,UNSPECIFIED,52,52,32,,
patent claim analysis tool,Adjacent / Tangential,ai,Info,,0,0.00,0.00,UNSPECIFIED,52,52,32,,
ip strategy development software,Adjacent / Tangential,ai,Info,,0,0.00,0.00,UNSPECIFIED,52,52,32,,
best resources for understanding boolean search in patents,Adjacent / Tangential,ai,Comm,,0,0.00,0.00,UNSPECIFIED,52,52,32,,
best ai patent search tool,Competitor Brands,autocomplete,Comm,,0,0.00,0.00,UNSPECIFIED,52,52,32,,
ai patent search tools free,Direct / Head Terms,autocomplete,Comm,,0,0.00,0.00,UNSPECIFIED,52,52,32,,
ai patent search engine,Direct / Head Terms,autocomplete,Comm,,0,0.00,0.00,UNSPECIFIED,52,52,32,,
ai patent search software,Direct / Head Terms,autocomplete,Comm,,0,0.00,0.00,UNSPECIFIED,52,52,32,,
ai based patent search tools,Direct / Head Terms,autocomplete,Comm,,0,0.00,0.00,UNSPECIFIED,52,52,32,,
best ai tool for patent search,Direct / Head Terms,autocomplete,Comm,,0,0.00,0.00,UNSPECIFIED,52,52,32,,
patent prior art search tool,Direct / Head Terms,autocomplete,Comm,,0,0.00,0.00,UNSPECIFIED,52,52,32,,
software patent lawyers,Direct / Head Terms,planner_related,Comm,,70,9.34,25.00,LOW,51,51,69,declining,-40% over 12mo
clarivate derwent,Competitor Brands,planner_related,Nav,,20,2.96,12.02,LOW,50,50,60,declining_slight,-21% over 12mo
patents google com advanced,Competitor Alternatives,planner_related,Comm,,10,0.00,0.00,HIGH,50,50,27,declining_slight,-17% over 12mo
best software patent attorney,Direct / Head Terms,planner_related,Comm,,10,0.00,0.00,HIGH,49,49,27,declining,-50% over 12mo (Seasonal)
how to do patent search yourself,Problem-Based,planner_related,Info,,30,1.51,6.21,MEDIUM,49,49,48,rising,+69% over 12mo
derwent innovation clarivate,Competitor Brands,planner_related,Nav,,10,2.60,8.02,LOW,48,48,58,declining_slight,-13% over 12mo
how to do prior art search for patent,Direct / Head Terms,autocomplete,Info,,10,1.70,6.79,MEDIUM,46,46,45,stable,Stable
ai patent search tools,Direct / Head Terms,autocomplete,Comm,,20,3.56,12.65,MEDIUM,45,45,52,rising_slight,+18% over 12mo
patent prior art search,Direct / Head Terms,planner_related,Comm,,70,2.73,8.95,MEDIUM,45,45,53,declining_slight,-25% over 12mo
file utility patent,Direct / Head Terms,planner_related,Comm,,50,3.87,15.53,MEDIUM,43,43,51,declining,-31% over 12mo
how to do a prior art search,Direct / Head Terms,planner_related,Info,,10,1.96,6.62,MEDIUM,43,43,42,stable,Stable
patsnap pricing,Direct / Head Terms,planner_related,Txn,,30,3.65,14.45,MEDIUM,41,41,49,declining,-45% over 12mo
can i do a patent search myself,Direct / Head Terms,autocomplete,Comm,,10,4.30,9.20,MEDIUM,41,41,49,stable,Stable
patsnap competitors,Direct / Head Terms,planner_related,Comm,,10,7.07,11.25,MEDIUM,38,38,45,declining_slight,-14% over 12mo
clarivate derwent innovation,Competitor Brands,planner_related,Nav,,10,3.54,9.03,MEDIUM,38,38,46,stable,Stable
patsnap analytics,Direct / Head Terms,planner_related,Comm,,20,1.84,29.68,MEDIUM,37,37,52,stable,Stable
patsnap cost,Direct / Head Terms,planner_related,Comm,,10,2.20,8.14,MEDIUM,37,37,45,declining,-33% over 12mo
prior art search cost,Direct / Head Terms,planner_related,Comm,,10,3.57,8.06,MEDIUM,37,37,45,declining,-37% over 12mo
questel orbit intelligence,Competitor Brands,planner_related,Nav,,20,3.86,16.16,MEDIUM,36,36,52,declining_slight,-21% over 12mo
how to do your own patent search,Problem-Based,planner_related,Info,,10,2.21,6.80,HIGH,35,35,32,stable,Stable
orbit intelligence questel,Competitor Brands,planner_related,Nav,,10,4.45,16.96,MEDIUM,34,34,50,stable,Stable
software ip attorney,Feature-Based,planner_related,Comm,,10,13.22,36.46,MEDIUM,33,33,49,declining,-40% over 12mo
ai tool for patent search,Direct / Head Terms,autocomplete,Comm,,10,4.16,12.95,HIGH,33,33,38,declining_slight,-29% over 12mo
low cost patent search,Competitor Brands,planner_related,Nav,,10,4.12,7.13,HIGH,30,30,36,stable,Stable (Seasonal)
non patent literature,Direct / Head Terms,youtube,Comm,,22200,0.00,0.00,LOW,90,90,72,rising_slight,+23% over 12mo
uspto reddit,Direct / Head Terms,youtube,Comm,,2900,0.00,0.00,LOW,89,89,71,declining_slight,-14% over 12mo
nintendo patent,Direct / Head Terms,youtube,Comm,,9900,0.00,0.00,LOW,88,88,70,declining,-76% over 12mo (Seasonal)
uspto assignment database,Direct / Head Terms,youtube,Comm,,1600,0.00,0.00,LOW,87,87,69,declining,-32% over 12mo
uspto maintenance fees,Direct / Head Terms,youtube,Comm,2,1000,0.00,0.00,LOW,86,86,68,declining_slight,-25% over 12mo
uspto patent maintenance fees,Direct / Head Terms,youtube,Comm,,1000,0.00,0.00,LOW,86,86,68,declining_slight,-25% over 12mo
google patents advanced,Direct / Head Terms,youtube,Comm,,880,0.00,0.00,LOW,85,85,67,declining_slight,-23% over 12mo
my uspto,Direct / Head Terms,youtube,Comm,,880,0.00,0.00,LOW,85,85,67,stable,Stable
canadian patents search,Direct / Head Terms,youtube,Comm,,590,0.00,0.00,LOW,84,84,66,stable,Stable
canadian patent office search,Direct / Head Terms,youtube,Comm,,590,0.00,0.00,LOW,84,84,66,stable,Stable
canadian patent database search,Direct / Head Terms,youtube,Comm,,590,0.00,0.00,LOW,84,84,66,stable,Stable
global dossier uspto,Direct / Head Terms,youtube,Comm,,320,0.00,0.00,LOW,84,84,66,rising,+86% over 12mo
patent 666,Direct / Head Terms,youtube,Comm,,720,0.00,0.00,LOW,84,84,66,declining,-78% over 12mo (Seasonal)
uspto global dossier,Direct / Head Terms,youtube,Comm,,320,0.00,0.00,LOW,84,84,66,rising,+86% over 12mo
what is state of the art,Problem-Based,youtube,Info,7,210,0.00,0.00,LOW,83,83,65,stable,Stable
patent square,Direct / Head Terms,youtube,Comm,,480,0.00,0.00,LOW,83,83,65,stable,Stable
pct application,Feature-Based,youtube,Comm,,480,0.00,0.00,LOW,83,83,65,declining_slight,-19% over 12mo
patent 060606,Direct / Head Terms,youtube,Comm,,590,0.00,0.00,LOW,83,83,65,declining,-38% over 12mo (Seasonal)
us patent 5676977,Direct / Head Terms,youtube,Comm,,260,0.00,0.00,LOW,83,83,65,rising,+101% over 12mo (Seasonal)
uspto practitioner search,Direct / Head Terms,youtube,Comm,,590,0.00,0.00,LOW,83,83,65,declining_slight,-16% over 12mo
unified patent,Direct / Head Terms,youtube,Comm,,480,0.00,0.00,LOW,83,83,65,stable,Stable
uspto practitioner lookup,Direct / Head Terms,youtube,Comm,,590,0.00,0.00,LOW,83,83,65,declining_slight,-16% over 12mo
patent assignment database,Direct / Head Terms,youtube,Comm,,480,0.00,0.00,LOW,82,82,64,declining,-33% over 12mo
apple patents,Feature-Based,youtube,Comm,,390,0.00,0.00,LOW,82,82,64,stable,Stable
tesla patent,Direct / Head Terms,youtube,Comm,,390,0.00,0.00,LOW,82,82,64,stable,Stable
uspto employee locator,Direct / Head Terms,youtube,Comm,,390,0.00,0.00,LOW,82,82,64,stable,Stable
google scholar patents,Direct / Head Terms,bing,Comm,5,140,0.00,0.00,LOW,81,81,63,stable,Stable
land patent,Direct / Head Terms,youtube,Comm,,2400,0.10,1.76,LOW,81,81,72,declining_slight,-14% over 12mo
pct patent search,Direct / Head Terms,youtube,Comm,,480,0.01,0.04,LOW,81,81,65,stable,Stable
wipo patent,Direct / Head Terms,youtube,Comm,,210,0.00,0.00,LOW,81,81,63,rising_slight,+23% over 12mo
pct application search,Feature-Based,youtube,Comm,,480,0.01,0.04,LOW,81,81,65,stable,Stable
search chinese patents,Direct / Head Terms,youtube,Comm,,320,0.00,0.00,LOW,81,81,63,declining_slight,-21% over 12mo
gene patent,Direct / Head Terms,youtube,Comm,,260,0.00,0.00,LOW,81,81,63,stable,Stable
iphone patent,Direct / Head Terms,youtube,Comm,,210,0.00,0.00,LOW,81,81,63,rising_slight,+22% over 12mo
korean patent database,Direct / Head Terms,youtube,Comm,,210,0.00,0.00,LOW,81,81,63,rising_slight,+12% over 12mo
olaplex patent,Direct / Head Terms,youtube,Comm,,390,0.00,0.00,LOW,81,81,63,declining,-93% over 12mo (Seasonal)
patent cooperation treaty search,Direct / Head Terms,youtube,Comm,,480,0.01,0.04,LOW,81,81,65,stable,Stable
patent database wipo,Direct / Head Terms,youtube,Comm,,210,0.00,0.00,LOW,81,81,63,rising_slight,+23% over 12mo
uspto file wrapper,Feature-Based,youtube,Comm,,170,0.00,0.00,LOW,81,81,63,rising,+416% over 12mo (Seasonal)
uspto serial number search,Direct / Head Terms,youtube,Comm,,170,0.00,0.00,LOW,81,81,63,rising,+54% over 12mo
what is prior art in patent,Problem-Based,youtube,Info,7,70,0.00,0.00,LOW,80,80,62,rising_slight,+30% over 12mo
what is prior art in patent law,Problem-Based,bing,Info,7,70,0.00,0.00,LOW,80,80,62,rising_slight,+30% over 12mo
patent docs,Direct / Head Terms,youtube,Comm,,210,0.00,0.00,LOW,80,80,62,declining_slight,-18% over 12mo
espacenet advanced search,Direct / Head Terms,youtube,Comm,,210,0.00,0.00,LOW,80,80,62,declining_slight,-16% over 12mo
uspto financial manager,Feature-Based,youtube,Comm,,260,0.00,0.00,LOW,80,80,62,declining_slight,-13% over 12mo
uspto patent fees,Direct / Head Terms,youtube,Comm,,210,0.00,0.00,LOW,80,80,62,declining_slight,-22% over 12mo
australian patent database search,Direct / Head Terms,youtube,Comm,,170,0.00,0.00,LOW,80,80,62,rising_slight,+27% over 12mo
first patent,Direct / Head Terms,youtube,Comm,,170,0.00,0.00,LOW,80,80,62,rising_slight,+22% over 12mo
ipr patent,Direct / Head Terms,youtube,Comm,,260,0.00,0.00,LOW,80,80,62,declining_slight,-13% over 12mo
light bulb patent,Direct / Head Terms,youtube,Comm,,170,0.00,0.00,LOW,80,80,62,rising_slight,+28% over 12mo
paper clip patent,Direct / Head Terms,youtube,Comm,,170,0.00,0.00,LOW,80,80,62,rising_slight,+13% over 12mo
patent economics,Direct / Head Terms,youtube,Comm,,140,0.00,0.00,LOW,80,80,62,rising,+30% over 12mo (Seasonal)
patent statuses,Direct / Head Terms,youtube,Comm,,210,0.00,0.00,LOW,80,80,62,declining_slight,-27% over 12mo
plant patent example,Use Case / Scenario,youtube,Info,,170,0.00,0.00,LOW,80,80,62,rising_slight,+10% over 12mo
search german patents,Direct / Head Terms,youtube,Comm,,210,0.00,0.00,LOW,80,80,62,declining_slight,-16% over 12mo
small entity uspto,Direct / Head Terms,youtube,Comm,,260,0.00,0.00,LOW,80,80,62,declining_slight,-13% over 12mo
us patent 1,Direct / Head Terms,youtube,Comm,,260,0.00,0.00,LOW,80,80,62,declining_slight,-13% over 12mo
can software be patented,Feature-Based,bing,Comm,,110,0.00,0.00,LOW,80,80,62,declining_slight,-15% over 12mo
can you patent software,Feature-Based,youtube,Comm,,210,0.00,0.00,LOW,80,80,62,stable,Stable
can you patent a software,Feature-Based,youtube,Comm,,210,0.00,0.00,LOW,80,80,62,stable,Stable
us patent search by number,Direct / Head Terms,youtube,Comm,5,2400,1.46,3.50,LOW,79,79,77,rising,+31% over 12mo
us patent number lookup,Direct / Head Terms,youtube,Comm,,2400,1.46,3.50,LOW,79,79,77,rising,+31% over 12mo
us patent search by patent number,Direct / Head Terms,youtube,Comm,,2400,1.46,3.50,LOW,79,79,77,rising,+31% over 12mo
prior art search includes,Direct / Head Terms,youtube,Comm,,210,0.00,0.00,LOW,79,79,61,declining,-45% over 12mo (Seasonal)
patent no,Direct / Head Terms,youtube,Comm,,170,0.00,0.00,LOW,79,79,61,stable,Stable
uspto patent search by number,Direct / Head Terms,youtube,Comm,,2400,1.46,3.50,LOW,79,79,77,rising,+31% over 12mo
us patent no search,Direct / Head Terms,youtube,Comm,,2400,1.46,3.50,LOW,79,79,77,rising,+31% over 12mo
5676977 patent,Direct / Head Terms,youtube,Comm,,170,0.00,0.00,LOW,79,79,61,stable,Stable (Seasonal)
elon musk patent,Direct / Head Terms,youtube,Comm,,210,0.00,0.00,LOW,79,79,61,declining,-50% over 12mo (Seasonal)
famous patents,Direct / Head Terms,youtube,Comm,,170,0.00,0.00,LOW,79,79,61,stable,Stable
iam patent 1000,Direct / Head Terms,youtube,Comm,,210,0.00,0.00,LOW,79,79,61,declining,-54% over 12mo (Seasonal)
mexican patent database,Direct / Head Terms,youtube,Comm,,170,0.00,0.00,LOW,79,79,61,declining_slight,-13% over 12mo
mexican patent search,Direct / Head Terms,youtube,Comm,,170,0.00,0.00,LOW,79,79,61,declining_slight,-24% over 12mo
microsoft patent 060606,Direct / Head Terms,youtube,Comm,,210,0.00,0.00,LOW,79,79,61,declining,-58% over 12mo (Seasonal)
nasa patents,Direct / Head Terms,youtube,Comm,,170,0.00,0.00,LOW,79,79,61,declining_slight,-16% over 12mo
patents google com patent,Direct / Head Terms,youtube,Comm,,90,0.00,0.00,LOW,79,79,61,rising,+608% over 12mo (Seasonal)
salvatore pais patents,Direct / Head Terms,youtube,Comm,,170,0.00,0.00,LOW,79,79,61,declining_slight,-20% over 12mo
sony patent,Direct / Head Terms,youtube,Comm,,110,0.00,0.00,LOW,79,79,61,rising,+170% over 12mo (Seasonal)
us patent office number search,Direct / Head Terms,youtube,Comm,,2400,1.46,3.50,LOW,79,79,77,rising,+31% over 12mo
uspto ipr,Direct / Head Terms,youtube,Comm,,90,0.00,0.00,LOW,79,79,61,rising,+31% over 12mo
uspto number search,Direct / Head Terms,youtube,Comm,,2400,1.46,3.50,LOW,79,79,77,rising,+31% over 12mo
uspto ttab,Direct / Head Terms,youtube,Comm,,170,0.00,0.00,LOW,79,79,61,declining_slight,-10% over 12mo
weird patents,Direct / Head Terms,youtube,Comm,,170,0.00,0.00,LOW,79,79,61,stable,Stable
what is prior art,Problem-Based,youtube,Info,,140,0.00,0.00,LOW,79,79,61,rising_slight,+25% over 12mo
cipo patent search,Direct / Head Terms,youtube,Comm,7,140,0.00,0.00,LOW,78,78,60,declining_slight,-15% over 12mo
uspto patent practitioner search,Direct / Head Terms,youtube,Comm,,140,0.00,0.00,LOW,78,78,60,stable,Stable
patent pending logo,Direct / Head Terms,youtube,Comm,,140,0.00,0.00,LOW,78,78,60,declining_slight,-23% over 12mo
patent claims example,Use Case / Scenario,youtube,Info,,140,0.00,0.00,LOW,78,78,60,stable,Stable
5g patent,Direct / Head Terms,youtube,Comm,,70,0.00,0.00,LOW,78,78,60,rising,+47% over 12mo (Seasonal)
uspto application search,Feature-Based,youtube,Comm,,140,0.00,0.00,LOW,78,78,60,declining_slight,-22% over 12mo
canadian intellectual property office patent search,Direct / Head Terms,youtube,Comm,,140,0.00,0.00,LOW,78,78,60,declining_slight,-15% over 12mo
uspto public patent search,Direct / Head Terms,youtube,Comm,,90,0.00,0.00,LOW,78,78,60,rising_slight,+25% over 12mo
amazon patent,Direct / Head Terms,youtube,Comm,,140,0.00,0.00,LOW,78,78,60,declining_slight,-16% over 12mo
coca cola patent,Direct / Head Terms,youtube,Comm,,110,0.00,0.00,LOW,78,78,60,rising_slight,+15% over 12mo
facebook patents,Direct / Head Terms,youtube,Comm,,70,0.00,0.00,LOW,78,78,60,rising,+218% over 12mo (Seasonal)
funny patents,Direct / Head Terms,youtube,Comm,,90,0.00,0.00,LOW,78,78,60,rising_slight,+19% over 12mo
korean patent office patent search,Direct / Head Terms,youtube,Comm,,170,0.00,0.00,LOW,78,78,60,declining,-48% over 12mo
korean patent office search,Direct / Head Terms,youtube,Comm,,170,0.00,0.00,LOW,78,78,60,declining,-48% over 12mo
microsoft patent,Direct / Head Terms,youtube,Comm,,140,0.00,0.00,LOW,78,78,60,stable,Stable
tw patent search,Direct / Head Terms,youtube,Comm,,140,0.00,0.00,LOW,78,78,60,declining_slight,-22% over 12mo
uspto advanced search,Direct / Head Terms,youtube,Comm,,70,0.00,0.00,LOW,78,78,60,rising,+56% over 12mo
uspto basic search,Direct / Head Terms,youtube,Comm,,140,0.00,0.00,LOW,78,78,60,stable,Stable
uspto search application,Feature-Based,youtube,Comm,,140,0.00,0.00,LOW,78,78,60,declining_slight,-22% over 12mo
velcro patent,Direct / Head Terms,youtube,Comm,,90,0.00,0.00,LOW,78,78,60,rising_slight,+13% over 12mo
www google com patents,Direct / Head Terms,youtube,Comm,,90,0.00,0.00,LOW,78,78,60,rising_slight,+13% over 12mo
www google patents,Direct / Head Terms,youtube,Comm,,90,0.00,0.00,LOW,78,78,60,rising_slight,+13% over 12mo
can you patent algorithms,Direct / Head Terms,youtube,Comm,,140,0.00,0.00,LOW,78,78,60,declining_slight,-16% over 12mo
google scholar patent,Direct / Head Terms,youtube,Comm,,140,0.00,0.00,LOW,78,78,60,stable,Stable
patent search,Direct / Head Terms,youtube,Comm,10,18100,1.87,5.69,LOW,77,77,78,stable,Stable
patent number search,Direct / Head Terms,youtube,Comm,5,2400,1.40,3.51,LOW,77,77,75,stable,Stable
patent number lookup,Direct / Head Terms,youtube,Comm,,2400,1.40,3.51,LOW,77,77,75,stable,Stable
patent no search,Direct / Head Terms,youtube,Comm,,2400,1.40,3.51,LOW,77,77,75,stable,Stable
canadian patent database,Direct / Head Terms,youtube,Comm,,110,0.00,0.00,LOW,77,77,59,declining_slight,-19% over 12mo
epo patent,Direct / Head Terms,youtube,Comm,,140,0.00,0.00,LOW,77,77,59,declining,-31% over 12mo
patent application number search,Feature-Based,youtube,Comm,,110,0.00,0.00,LOW,77,77,59,stable,Stable
us patent search by application number,Feature-Based,youtube,Comm,,90,0.00,0.00,LOW,77,77,59,stable,Stable
find patent by number,Direct / Head Terms,youtube,Comm,,2400,1.40,3.51,LOW,77,77,75,stable,Stable
uspto registration number lookup,Direct / Head Terms,youtube,Comm,,140,0.00,0.00,LOW,77,77,59,declining,-53% over 12mo (Seasonal)
china patent office search,Direct / Head Terms,youtube,Comm,,110,0.00,0.00,LOW,77,77,59,declining_slight,-11% over 12mo
patent search by patent number,Direct / Head Terms,youtube,Comm,,2400,1.40,3.51,LOW,77,77,75,stable,Stable
uspto look up,Direct / Head Terms,youtube,Comm,,90,0.00,0.00,LOW,77,77,59,stable,Stable
look up a patent number,Direct / Head Terms,youtube,Comm,,2400,1.40,3.51,LOW,77,77,75,stable,Stable
google patent website,Direct / Head Terms,youtube,Nav,,165000,1.24,3.44,LOW,77,77,75,stable,Stable
simple patent search,Direct / Head Terms,youtube,Comm,,70,0.00,0.00,LOW,77,77,59,rising_slight,+11% over 12mo
amazon 1 click patent,Direct / Head Terms,youtube,Comm,,90,0.00,0.00,LOW,77,77,59,stable,Stable
amazon one click patent,Direct / Head Terms,youtube,Comm,,90,0.00,0.00,LOW,77,77,59,stable,Stable
basic patent search,Direct / Head Terms,youtube,Comm,,70,0.00,0.00,LOW,77,77,59,rising_slight,+11% over 12mo
blue patent,Direct / Head Terms,youtube,Comm,,140,0.00,0.00,LOW,77,77,59,declining,-32% over 12mo
chinese patent office search,Direct / Head Terms,youtube,Comm,,110,0.00,0.00,LOW,77,77,59,declining_slight,-11% over 12mo
chisum on patents,Direct / Head Terms,youtube,Comm,,90,0.00,0.00,LOW,77,77,59,stable,Stable
einstein patent office,Direct / Head Terms,youtube,Comm,,110,0.00,0.00,LOW,77,77,59,stable,Stable
indonesian patent office search,Direct / Head Terms,youtube,Comm,,70,0.00,0.00,LOW,77,77,59,rising_slight,+28% over 12mo
indonesian patent search,Direct / Head Terms,youtube,Comm,,70,0.00,0.00,LOW,77,77,59,rising_slight,+28% over 12mo
look up a patent by number,Direct / Head Terms,youtube,Comm,,2400,1.40,3.51,LOW,77,77,75,stable,Stable
lookup patent number,Direct / Head Terms,youtube,Comm,,2400,1.40,3.51,LOW,77,77,75,stable,Stable
mexican patent office patent search,Direct / Head Terms,youtube,Comm,,70,0.00,0.00,LOW,77,77,59,rising_slight,+14% over 12mo
mexican patent office search,Direct / Head Terms,youtube,Comm,,70,0.00,0.00,LOW,77,77,59,rising_slight,+14% over 12mo
patent accounting,Direct / Head Terms,youtube,Comm,,110,0.00,0.00,LOW,77,77,59,stable,Stable
patent google patent,Direct / Head Terms,youtube,Comm,,165000,1.24,3.44,LOW,77,77,75,stable,Stable
patent publication number search,Direct / Head Terms,youtube,Comm,,110,0.00,0.00,LOW,77,77,59,stable,Stable
sawstop patent,Direct / Head Terms,youtube,Comm,,110,0.00,0.00,LOW,77,77,59,stable,Stable
search patent applications by number,Feature-Based,youtube,Comm,,110,0.00,0.00,LOW,77,77,59,stable,Stable
sipo patent search,Direct / Head Terms,youtube,Comm,,110,0.00,0.00,LOW,77,77,59,declining_slight,-11% over 12mo
us classification patent,Direct / Head Terms,youtube,Comm,,110,0.00,0.00,LOW,77,77,59,declining_slight,-26% over 12mo
uspto application number search,Feature-Based,youtube,Comm,,90,0.00,0.00,LOW,77,77,59,stable,Stable
uspto directory,Direct / Head Terms,youtube,Comm,,110,0.00,0.00,LOW,77,77,59,declining_slight,-15% over 12mo
uspto ipr search,Direct / Head Terms,youtube,Comm,,70,0.00,0.00,LOW,77,77,59,rising_slight,+26% over 12mo
uspto patent application number search,Feature-Based,youtube,Comm,,90,0.00,0.00,LOW,77,77,59,stable,Stable
uspto terminal disclaimer,Direct / Head Terms,youtube,Comm,,90,0.00,0.00,LOW,77,77,59,stable,Stable
wipo pct patent search,Direct / Head Terms,youtube,Comm,,110,0.00,0.00,LOW,77,77,59,stable,Stable
can a software be patented,Feature-Based,youtube,Comm,,110,0.00,0.00,LOW,77,77,59,declining_slight,-15% over 12mo
google patents,Direct / Head Terms,youtube,Comm,,165000,1.24,3.44,LOW,77,77,75,stable,Stable
uspto tess search,Direct / Head Terms,youtube,Comm,,2400,1.26,5.21,LOW,76,76,77,rising,+61% over 12mo (Seasonal)
us patent look up,Direct / Head Terms,youtube,Comm,,90,0.00,0.00,LOW,76,76,58,declining_slight,-17% over 12mo
software patent example,Use Case / Scenario,youtube,Info,,90,0.00,0.00,LOW,76,76,58,declining_slight,-30% over 12mo
tess uspto search,Direct / Head Terms,youtube,Comm,,2400,1.26,5.21,LOW,76,76,77,rising,+61% over 12mo (Seasonal)
uspto patent public search,Direct / Head Terms,youtube,Comm,,1000,1.46,4.24,LOW,76,76,74,rising,+127% over 12mo (Seasonal)
uspto agent search,Direct / Head Terms,youtube,Comm,,90,0.00,0.00,LOW,76,76,58,declining_slight,-17% over 12mo
barbed wire patent,Direct / Head Terms,youtube,Comm,,70,0.00,0.00,LOW,76,76,58,stable,Stable (Seasonal)
bill gates patent,Direct / Head Terms,youtube,Comm,,110,0.00,0.00,LOW,76,76,58,declining,-34% over 12mo
bill gates patent 060606,Direct / Head Terms,youtube,Comm,,110,0.00,0.00,LOW,76,76,58,declining,-45% over 12mo (Seasonal)
cip patent,Direct / Head Terms,youtube,Comm,,90,0.00,0.00,LOW,76,76,58,declining_slight,-13% over 12mo
ep design patent search,Direct / Head Terms,youtube,Comm,,70,0.00,0.00,LOW,76,76,58,stable,Stable
google patent prior art search,Direct / Head Terms,youtube,Comm,,50,0.00,0.00,LOW,76,76,58,rising,+52% over 12mo (Seasonal)
israeli patent office search,Direct / Head Terms,youtube,Comm,,70,0.00,0.00,LOW,76,76,58,stable,Stable
luciferase patent,Direct / Head Terms,youtube,Comm,,110,0.00,0.00,LOW,76,76,58,declining,-51% over 12mo (Seasonal)
non patent,Direct / Head Terms,youtube,Comm,,70,0.00,0.00,LOW,76,76,58,stable,Stable
patent 6506148 b2,Direct / Head Terms,youtube,Comm,,50,0.00,0.00,LOW,76,76,58,rising,+223% over 12mo (Seasonal)
prior invention,Direct / Head Terms,youtube,Comm,,90,0.00,0.00,LOW,76,76,58,declining_slight,-15% over 12mo
royal patent,Direct / Head Terms,youtube,Comm,,70,0.00,0.00,LOW,76,76,58,stable,Stable
rpx patent,Direct / Head Terms,youtube,Comm,,90,0.00,0.00,LOW,76,76,58,declining_slight,-12% over 12mo
search european design patents,Direct / Head Terms,youtube,Comm,,70,0.00,0.00,LOW,76,76,58,stable,Stable
submarine patent,Direct / Head Terms,youtube,Comm,,70,0.00,0.00,LOW,76,76,58,stable,Stable
tesla open source patents,Direct / Head Terms,youtube,Comm,,110,0.00,0.00,LOW,76,76,58,declining,-52% over 12mo (Seasonal)
tesla patent open source,Direct / Head Terms,youtube,Comm,,110,0.00,0.00,LOW,76,76,58,declining,-52% over 12mo (Seasonal)
us patent assignment database,Direct / Head Terms,youtube,Comm,,90,0.00,0.00,LOW,76,76,58,declining_slight,-18% over 12mo
us patent no 1,Direct / Head Terms,youtube,Comm,,70,0.00,0.00,LOW,76,76,58,stable,Stable
uspto customer number lookup,Direct / Head Terms,youtube,Comm,,90,0.00,0.00,LOW,76,76,58,declining,-37% over 12mo
uspto customer number search,Direct / Head Terms,youtube,Comm,,90,0.00,0.00,LOW,76,76,58,declining,-37% over 12mo
uspto document retrieval,Direct / Head Terms,youtube,Comm,,90,0.00,0.00,LOW,76,76,58,declining_slight,-19% over 12mo
uspto patent assignment database,Direct / Head Terms,youtube,Comm,,90,0.00,0.00,LOW,76,76,58,declining_slight,-18% over 12mo
uspto search tess,Direct / Head Terms,youtube,Comm,,2400,1.26,5.21,LOW,76,76,77,rising,+61% over 12mo (Seasonal)
uspto trademark search,Direct / Head Terms,youtube,Comm,1,60500,1.22,5.32,LOW,75,75,76,rising_slight,+10% over 12mo
uspto database,Direct / Head Terms,youtube,Comm,,2400,1.07,5.72,LOW,75,75,76,rising_slight,+15% over 12mo
patent example,Use Case / Scenario,youtube,Info,,2400,2.32,7.35,LOW,75,75,76,rising_slight,+27% over 12mo
canadian patents,Direct / Head Terms,youtube,Comm,,70,0.00,0.00,LOW,75,75,57,declining_slight,-30% over 12mo
patent trademark search,Direct / Head Terms,youtube,Comm,,60500,1.22,5.32,LOW,75,75,76,rising_slight,+10% over 12mo
plant patent search,Direct / Head Terms,youtube,Comm,,70,0.00,0.00,LOW,75,75,57,declining,-43% over 12mo
us patent search by inventor,Direct / Head Terms,youtube,Comm,,70,0.00,0.00,LOW,75,75,57,declining,-52% over 12mo
us patent and trademark office database,Direct / Head Terms,youtube,Comm,,2400,1.07,5.72,LOW,75,75,76,rising_slight,+15% over 12mo
uspto trademark check,Direct / Head Terms,youtube,Comm,,60500,1.22,5.32,LOW,75,75,76,rising_slight,+10% over 12mo
pct application process,Feature-Based,youtube,Comm,,70,0.00,0.00,LOW,75,75,57,declining_slight,-23% over 12mo
google patent search engine,Direct / Head Terms,youtube,Comm,,70,0.00,0.00,LOW,75,75,57,declining,-78% over 12mo (Seasonal)
freepatentsonline patent search,Direct / Head Terms,youtube,Comm,,70,0.00,0.00,LOW,75,75,57,declining_slight,-14% over 12mo
patents by country,Direct / Head Terms,youtube,Comm,,70,0.00,0.00,LOW,75,75,57,declining,-38% over 12mo
ibm patents,Direct / Head Terms,youtube,Comm,,70,0.00,0.00,LOW,75,75,57,declining_slight,-13% over 12mo
patent search and analysis,Direct / Head Terms,youtube,Comm,,70,0.00,0.00,LOW,75,75,57,declining,-62% over 12mo (Seasonal)
biotechnology patent,Direct / Head Terms,youtube,Comm,,70,0.00,0.00,LOW,75,75,57,declining,-43% over 12mo
doctrine of equivalents patent,Direct / Head Terms,youtube,Comm,,70,0.00,0.00,LOW,75,75,57,declining_slight,-29% over 12mo
epas uspto,Direct / Head Terms,youtube,Comm,,70,0.00,0.00,LOW,75,75,57,declining_slight,-20% over 12mo